title,link
الميدان الفني للمهن الطبية المساندة يتهم أمين عام الصحة بالاساءة والاستقواء,https://jo24.net/article/433358
الكوفحي: بلدية إربد تدرس عقد شراكات مع القطاع الخاص لتنفيذ مشاريع استثمارية,https://jo24.net/article/433356
بدء التشغيل التجريبي لإشارات مدخل مرج الحمام الشرقي,https://jo24.net/article/433352
"الطراونة: حدوث موجة جديدة من كورونا ""وارد""",https://jo24.net/article/433345
"تعديل ساعات عمل ""الباص السريع"" في رمضان",https://jo24.net/article/433344
الخرابشة : لن تستطيع شركات التوزيع  البقاء اذا  استمر تركيب انظمة الطاقة الشمسية,https://jo24.net/article/433341
المعونة: تحويل الدعم النقدي لـ120 ألف أسرة,https://jo24.net/article/433338
الصفدي : تهميش القضية الفلسطينية والقفز فوقها لن يؤدي إلاّ إلى المزيد من الصراع,https://jo24.net/article/433337
التبرع من اموال الضمان تعدي على القانون يستوجب المساءلة,https://jo24.net/article/433334
العبادي : اذا كان هناك مدينة جديدة لماذا لاتعلن الحكومة عن مكانها ؟,https://jo24.net/article/433331
الشريف : انخفاض مرتقب على اسعار الخضار الاسبوع المقبل,https://jo24.net/article/433316
الناصر : سنتحول تدريجيا نحو الاعلان المفتوح للوظائف الشاغرة ,https://jo24.net/article/433308
"فوز ""الكتلة المهنية المستقلة"" بكامل مقاعد مجلس نقابة الممرضين",https://jo24.net/article/433307
الهناندة لـ الاردن24: اعلان اطلاق خدمات الجيل الخامس الاسبوع القادم، والتنفيذ سيستغرق عاما ونصف,https://jo24.net/article/433306
آلاف المتنزهين يؤمون المناطق السياحية غربي إربد,https://jo24.net/article/433303
الاردن يعلن الاحد اول ايام شهر رمضان المبارك,https://jo24.net/article/433298
"اعتصام في المفرق يندد بـ""الاعتقالات الهوجاء"".. ويطالب بالافراج عن المعتقلين - صور",https://jo24.net/article/433294
الشراكة والانقاذ: زيارة رئيس الكيان الى الاردن قمة التطبيع، واستفزاز لمشاعر الاردنيين,https://jo24.net/article/433293
مسيرة حاشدة في وسط البلد دعما للمقاومة: بجبرونا ع التطبيع.. برعاية أمريكية,https://jo24.net/article/433291
طقس العرب: هلال رمضان تولد فلكيا عند الساعة 09:24 صباحا,https://jo24.net/article/433289
 أزمة سير خانقة على طريق إربد عمان  ,https://jo24.net/article/433287
لزوار عمان.. لا اقتناء للكلاب بدون ترخيص (التفاصيل),https://jo24.net/article/433286
الهواري يعفي مواطني البادية الشمالية من متطلبات التحويل,https://jo24.net/article/433285
تحويلات مرورية لاستكمال أعمال الباص السريع,https://jo24.net/article/433280
طقس الجمعة.. ارتفاع ملموس على درجات الحرارة,https://jo24.net/article/433274
فرص عمل للأردنيين في قطر,https://jo24.net/article/433264
الناجحون في الامتحان التنافسي ومدعوون للتعيين ووظائف شاغرة - اسماء,https://jo24.net/article/433263
أردنيون يستعدون للرحلات في الجمعة الاخيرة قبيل رمضان,https://jo24.net/article/433261
الغذاء والدواء: إتلاف 50 طن مواد غذائية مخالفة خلال اسبوع,https://jo24.net/article/433251
بعد تلوثها .. لجنة لوقف الاعتداءات على عين قويلبة في إربد وإعادتها صالحة للشرب,https://jo24.net/article/433249
8 نصائح وارشادات من مديرية الأمن العام خلال رحلات التنزه,https://jo24.net/article/433248
الامانة تشدد الرقابة على العصائر الرمضانية,https://jo24.net/article/433239
الغرايبة أميناً عاماً للحزب المندمج الائتلاف الوطني,https://jo24.net/article/433220
الخارجية تعزي بضحايا حادث تحطم طائرة بالكونغو,https://jo24.net/article/433217
مالية النواب تبحث موضوع الحد الأدنى للأجور في شركات الخدمات المساندة,https://jo24.net/article/433216
مستشفى الملكة علياء العسكري يستأنف استقبال مراجعي جميع الأقسام,https://jo24.net/article/433215
المحارمة رئيسا للمركز الوطني للأمن السيبراني,https://jo24.net/article/433214
الأردن يدين اقتحام أعضاء من الكنيست الإسرائيلي المسجد الأقصى,https://jo24.net/article/433213
الامن يفض مسيرة متعطلي الطفيلة الى الديوان ويعتدي على مشاركين.. والمستشفى يرفض علاجهم,https://jo24.net/article/433212
تنقلات قضائية (اسماء),https://jo24.net/article/433210
صرف المخصصات الشهرية للطلبة الحاصلين على المنح الجامعية,https://jo24.net/article/433209
المستحقون لقروض الاسكان العسكري لشهر نيسان (أسماء),https://jo24.net/article/433207
احالات الى التقاعد وترفيعات وتمديد خدمات لموظفين في عدة مؤسسات - اسماء,https://jo24.net/article/433206
ارادة ملكية بقبول استقالة صالح الخصاونة من الديوان الملكي,https://jo24.net/article/433205
إرادتان ملكيتان بالحمود والفايز,https://jo24.net/article/433204
"63 مرشحا لانتخابات ""المحامين"" منهم 10 لمركز النقيب",https://jo24.net/article/433203
عاملون في مراكز المنار يحتجون على قرار وزيرهم.. والامن يمنع الوقفة امام مركز عمان - صور,https://jo24.net/article/433190
تحويلة مرورية بشارع الشهيد لاستكمال اعمال الباص سريع التردد,https://jo24.net/article/433179
الحياري ينتقد تصريحات الوزير الفراية.. ويستغرب غياب المسؤولين عن تكفيل المعتقلين ,https://jo24.net/article/433178
الهواري يفتتح أول عيادة زراعة أسنان لوزارة الصحة,https://jo24.net/article/433171
تعديل أسس منح زيادات الرواتب السنوية للشهادات المهنية,https://jo24.net/article/433168
الغذاء والدواء: تخفيض أسعار 90 صنفاً دوائياً بنسب تصل 20%,https://jo24.net/article/433163
الخارجية توضح حول بقاء بعض الاردنيين في اوكرانيا,https://jo24.net/article/433158
خالد الربابعة نقيباً للممرضين الأردنيين,https://jo24.net/article/433148
الناجحون في الامتحان التنافسي ووظائف شاغرة - أسماء,https://jo24.net/article/433146
كتلة هوائية دافئة تؤثر على الأردن من الخميس,https://jo24.net/article/433145
الخلايلة: سيكون هناك موسم حج هذا العام,https://jo24.net/article/433131
“الفلك الدولي”.. يصعب رؤية هلال رمضان يوم الجمعة,https://jo24.net/article/433125
الكوفحي: نحن خدام ولسنا سادة.. ولا علاقة للمواطن بمشاكلنا,https://jo24.net/article/433124
وزارة الأوقاف تعلن عن عيدية لكل أسرة في صندوق الزكاة,https://jo24.net/article/433122
نقابة الصحفيين تؤجل الرسوم والاشتراكات السنوية لمدة شهرين,https://jo24.net/article/433104
الكشف عن أسس الحوافز والجوائز على الفواتير الضريبية,https://jo24.net/article/433102
إعادة اعتماد المركز الوطني لحقوق الإنسان ضمن الفئة الأولى,https://jo24.net/article/433099
“الخدمة المدنية” يستعد لإنشاء مركز تقييم القدرات والكفايات,https://jo24.net/article/433097
الموافقة على تكفيل المعلم رامز البطران,https://jo24.net/article/433095
يوسف الشواربة امينا لعمان.. واحالة فداء الحمود الى التقاعد,https://jo24.net/article/433094
التنمية تؤجل اقساط نيسان وايار على صناديق الائتمان وقروض الاسر المنتجة,https://jo24.net/article/433093
الخارجية : انتهاء اجراءات نقل  جثمان مواطن اردني توفي بامريكا,https://jo24.net/article/433092
الملك خلال لقاء الرئيس الإسرائيلي في عمان: ندين العنف بجميع أشكاله,https://jo24.net/article/433090
سلاح الجو الملكي يفتح باب التجنيد - رابط التقديم,https://jo24.net/article/433078
وظائف شاغرة ومدعوون للتعيين - أسماء,https://jo24.net/article/433061
بيان صادر عن السفارة الاردنية في القاهرة,https://jo24.net/article/433060
الخلايلة: صلاة التراويح 20 ركعة في جميع المساجد,https://jo24.net/article/433053
مفوضو سلطة العقبة يؤدون اليمين القانونية,https://jo24.net/article/433052
"صندوق الزكاة يعمل على سداد ذمم مالية عن ""دفعة كبيرة"" من الغارمات",https://jo24.net/article/433051
"طعن واحد بنتائج الانتخابات البلدية حتى الان.. وعشر قضايا ""مال اسود""",https://jo24.net/article/433047
%64 من اللاجئين في الأردن يعيشون بأقل من 3 دنانير في اليوم,https://jo24.net/article/433044
حجاوي :لا حاجة لتلقي جرعة رابعة من لقاح كورونا,https://jo24.net/article/433043
أجواء ربيعية لطيفة الحرارة في أغلب المناطق الأربعاء,https://jo24.net/article/433026
الخصاونة: نطوي صفحة كورونا للتحول من حكومة مهمات إلى المبادرة,https://jo24.net/article/433024
الشراكة والانقاذ يدين الاعتقال على النية.. ويحذر من هدم الثقة بالاجهزة الامنية,https://jo24.net/article/433020
تحذيرات من زيت زيتون مغشوش يباع في الأسواق,https://jo24.net/article/433015
المتقاعدين العسكريين تحذر منتسبيها من الوقوع ضحية للإعلانات المضللة,https://jo24.net/article/433014
مركز الفلك: رؤية هلال شهر رمضان مساء الجمعة غير ممكن بالعين المجردة,https://jo24.net/article/433001
18 مسنا فوق 85 عاماً تزوجوا في الأردن,https://jo24.net/article/432998
الخصاونة: القطاع العام لا يستطيع وحده التصدي لتحديات البطالة,https://jo24.net/article/432997
الامن يفرج عن كافة المعلمين المعتقلين,https://jo24.net/article/432992
تغريم موظف بـ 122 ألف دينار لبيعه هواتف خلوية باسم الوزارة,https://jo24.net/article/432989
الافراج عن الناشطة رضى الفران بعد مداهمة منزلها واعتقالها لساعات,https://jo24.net/article/432988
الملك لوزير الدفاع الإسرائيلي: ضرورة احترام حق المسلمين بتأدية شعائرهم في المسجد الأقصى,https://jo24.net/article/432985
تحديد أوقات التبرع بالدم بمستشفى الملك المؤسس في رمضان,https://jo24.net/article/432983
"""المواصفات"" تُكثف جولاتها التفتيشية قبيل رمضان",https://jo24.net/article/432981
أعضاء في مجلس مفوضي العقبة يؤدون اليمين أمام رئيس الوزراء,https://jo24.net/article/432966
تغريم مستشار في دائرة رقابية 3 آلاف دينار بسبب تعارض المصالح,https://jo24.net/article/432963
الإفتاء تجري مسابقة لتعيين مفتين جدد (رابط),https://jo24.net/article/432960
رئيس الوزراء يؤكد ضرورة توفير مخزون كافٍ من السِّلع للمواطنين بأسعار عادلة,https://jo24.net/article/432959
تعديل على قانون الأحوال المدنية,https://jo24.net/article/432951
اعتقال الناشط النقابي المعلم علاء ابو طربوش امام اطفاله,https://jo24.net/article/432943
عزايزة يؤكد ضرورة تسريع الربط السككي بين الأردن والسعودية,https://jo24.net/article/432936
تعطل مركبة شحن داخل نفق الخامس,https://jo24.net/article/432934
الخصاونة: نطوي صفحة كورونا للتحول من حكومة مهمات إلى المبادرة,https://jo24.net/article/433024
الشراكة والانقاذ يدين الاعتقال على النية.. ويحذر من هدم الثقة بالاجهزة الامنية,https://jo24.net/article/433020
تحذيرات من زيت زيتون مغشوش يباع في الأسواق,https://jo24.net/article/433015
المتقاعدين العسكريين تحذر منتسبيها من الوقوع ضحية للإعلانات المضللة,https://jo24.net/article/433014
مركز الفلك: رؤية هلال شهر رمضان مساء الجمعة غير ممكن بالعين المجردة,https://jo24.net/article/433001
18 مسنا فوق 85 عاماً تزوجوا في الأردن,https://jo24.net/article/432998
الخصاونة: القطاع العام لا يستطيع وحده التصدي لتحديات البطالة,https://jo24.net/article/432997
الامن يفرج عن كافة المعلمين المعتقلين,https://jo24.net/article/432992
تغريم موظف بـ 122 ألف دينار لبيعه هواتف خلوية باسم الوزارة,https://jo24.net/article/432989
الافراج عن الناشطة رضى الفران بعد مداهمة منزلها واعتقالها لساعات,https://jo24.net/article/432988
الملك لوزير الدفاع الإسرائيلي: ضرورة احترام حق المسلمين بتأدية شعائرهم في المسجد الأقصى,https://jo24.net/article/432985
تحديد أوقات التبرع بالدم بمستشفى الملك المؤسس في رمضان,https://jo24.net/article/432983
"""المواصفات"" تُكثف جولاتها التفتيشية قبيل رمضان",https://jo24.net/article/432981
أعضاء في مجلس مفوضي العقبة يؤدون اليمين أمام رئيس الوزراء,https://jo24.net/article/432966
تغريم مستشار في دائرة رقابية 3 آلاف دينار بسبب تعارض المصالح,https://jo24.net/article/432963
الإفتاء تجري مسابقة لتعيين مفتين جدد (رابط),https://jo24.net/article/432960
رئيس الوزراء يؤكد ضرورة توفير مخزون كافٍ من السِّلع للمواطنين بأسعار عادلة,https://jo24.net/article/432959
تعديل على قانون الأحوال المدنية,https://jo24.net/article/432951
اعتقال الناشط النقابي المعلم علاء ابو طربوش امام اطفاله,https://jo24.net/article/432943
عزايزة يؤكد ضرورة تسريع الربط السككي بين الأردن والسعودية,https://jo24.net/article/432936
الناصر يوضح حول مصير الموظفين بعد اعادة الهيكلة وامكانية تأثر رواتبهم,https://jo24.net/article/432786
اعتصام ليلي في الزرقاء يطالب بالافراج عن المعتقلين - صور,https://jo24.net/article/432785
الرفايعة: هناك تدخلات ودفع اشتراكات في انتخابات النقابات,https://jo24.net/article/432781
هل ستكون ملابس عيد الفطر صيفية أم شتوية؟,https://jo24.net/article/432780
قرارات صادرة عن رئاسة الوزراء,https://jo24.net/article/432776
إحالة محافظ الزرقاء إلى التقاعد,https://jo24.net/article/432775
الحاكم الاداري يرفض تكفيل رامز البطران ويواصل توقيفه,https://jo24.net/article/432773
الحكومة تسمح باستخدام الحليب المجفف لصناعة الالبان.. وتحيل جمعيات مربي الابقار للمدعي العام,https://jo24.net/article/432758
المنطقة العسكرية الشمالية تحبط محاولة تهريب كميات كبيرة من المواد المخدرات,https://jo24.net/article/432754
الكوفحي: زمن فرض الاتاوات وتأجير الشوارع انتهى.. وصيانة جميع الشوارع قبل رمضان,https://jo24.net/article/432753
رئيس الوزراء يصدر امر الدفاع (36) متضمنا اجراءات تخفيفية جديدة,https://jo24.net/article/432747
استمرار انخفاض الفحوصات الايجابية: الاردن يسجل (28) وفاة و(3171) اصابة جديدة بكورونا,https://jo24.net/article/432745
السفير القطري: اتفاقية لتدريب الأردنيين الراغبين بالعمل في قطر قريبا,https://jo24.net/article/432739
تعرف على مواعيد افطار وامساكية رمضان,https://jo24.net/article/432736
طاهر المصري يكشف كيف تدخل السفيران البريطاني والامريكي بتعديل قانون الانتخاب,https://jo24.net/article/432735
بلاغ رسمي حول ساعات دوام القطاع العام   في رمضان,https://jo24.net/article/432724
العرموطي: الحكومة تريد وضع (7) آلاف دونم من الاراضي الاردنية تحت تصرف الصهاينة,https://jo24.net/article/432722
مدعوون للمقابلات الشخصية للتعيين (أسماء),https://jo24.net/article/432716
الناجحون في الامتحان التنافسي - اسماء,https://jo24.net/article/432715
العلاقمة: الوضع سيء جدا، وعلى الحكومة التدخل,https://jo24.net/article/432714
الضمان الاجتماعي توضح سبب إصدار أمر الدفاع الخاص برواتب التقاعد  ,https://jo24.net/article/432697
درجات الحرارة قد تتجاوز الـ30 خلال الأسبوع الأول من رمضان,https://jo24.net/article/432694
ارتفاع طفيف على درجات الحرارة اليوم,https://jo24.net/article/432693
الأرصاد تحذر من خطر تدني مدى الرؤية الأفقية في ساعات الصباح الباكر,https://jo24.net/article/432691
الجمل يتعرض لمضايقات منذ توقيفه.. ومنع عبيدات من زيارة اسامة العجارمة,https://jo24.net/article/432684
ترجيح إعلان طبيعة الدوام في رمضان اليوم,https://jo24.net/article/432680
 تحويلات مرورية على الطريق الصحراوي الاحد,https://jo24.net/article/432678
حجاوي يعلن انتهاء متحورتي دلتا وأوميكرون في الأردن,https://jo24.net/article/432676
وزير الخارجية: الأردن مع مساعدة اللاجئين الأوكرانيين,https://jo24.net/article/432670
مشروع أمر دفاع لإعادة النظر بآلية زيادة رواتب متقاعدي الضمان الاجتماعي,https://jo24.net/article/432669
تعليق دوام المؤسسات التعليمية في معان مؤقتا والتحول الى التعليم عن بُعد,https://jo24.net/article/432665
أول إيعاز من المومني لموظفي بلدية الزرقاء,https://jo24.net/article/432664
الكوفحي يوضح حول اقتحام موظف مكتبه: بادر بالشتم وخلق الفوضى,https://jo24.net/article/432659
#الحرية_لانس_الجمل يتصدر ترندات الاردن..واسئلة عن العلاقات بين الدول التي تعكرها تغريدة,https://jo24.net/article/432641
الفناطسة يطالب باعادة انتخابات بلدية معان تحت اشراف شخصيات مشهود لها بالنزاهة,https://jo24.net/article/432631
المعايطة يطالب الخارجية باسترجاع دروع الكرك من الصهاينة قتلة الاطفال ومغتصبي فلسطين ,https://jo24.net/article/432628
علي أبو نقطة نقيبا للمهندسين الزراعيين,https://jo24.net/article/432591
الاردنيون قد يكونوا على موعد مع الثلوج مجدداً - تفاصيل,https://jo24.net/article/432590
تفاصيل حالة الطقس حتى يوم الثلاثاء,https://jo24.net/article/432582
الأردن يتأثر بامتداد لمُنخفض البحر الأحمر الاثنين - تفاصيل,https://jo24.net/article/432577
تجدد الاحتجاجات الليلية في معان رفضا لنتائج الانتخابات,https://jo24.net/article/432571
الكلالدة: سجلنا 10 قضايا مال اسود و165 ألف ورقة انتخابية بيضاء,https://jo24.net/article/432569
محمد يوسف العبادي نقيبا للفنانين الأردنيين,https://jo24.net/article/432568
الخضيري نقيبا للمقاولين والدويري نائبا له,https://jo24.net/article/432567
الملك يستضيف السيسي وابن زايد والكاظمي في العقبة,https://jo24.net/article/432561
الكوفحي: سنحاسب المدراء عن تقصير موظفيهم، وسنحقق بكافة الشكاوى,https://jo24.net/article/432559
استمرار اعتقال الناشط انس الجمل، واتهامه بتعكير صفو العلاقة مع دولة صديقة!,https://jo24.net/article/432558
اعلان الفائزين بالسحب على جوائز تلقي مطعوم كورونا - اسماء,https://jo24.net/article/432557
الضمان تدعو المواطنين للاستفادة من خدمة أنت تسأل والضمان يُجيب  ,https://jo24.net/article/432549
الثلوج حاضرة حتى المساء.. الأرصاد تنشر آخر تطورات المنخفض وتحذر من السيول والأنجماد,https://jo24.net/article/432546
الهواري: سنشهد صيفاً آمناً من كورونا,https://jo24.net/article/432545
الفنانون الأردنيون ينتخبون مجلسهم  ,https://jo24.net/article/432542
619 مهندسا زراعيا أدلوا بصوتهم خلال ساعتين,https://jo24.net/article/432538
"""المقاولون"" ينتخبون مجلسا جديدا",https://jo24.net/article/432537
الأشغال تحذر من الظروف الجوية,https://jo24.net/article/432530
العمل: موظف القطاع الخاص لا يستحق أجرا إضافيا عن يوم الانتخابات,https://jo24.net/article/432529
الناجحون في الامتحان التنافسي  ووظائف شاغرة - أسماء,https://jo24.net/article/432519
تراكمات محدودة للثلوج فوق المرتفعات الجبلية العالية اليوم,https://jo24.net/article/432518
تجدد الاحتجاجات على نتائج الانتخابات في معان، ومطالبات باعادة اجرائها,https://jo24.net/article/432512
المستقلة للانتخاب: لا صحة لمنشورات تدعي إعادة الانتخابات,https://jo24.net/article/432506
وزير الأشغال: الانتهاء من الأعمال بمشروع الباص السريع نهاية العام الحالي,https://jo24.net/article/432505
طقس العرب: المنخفض الجوي الحالي بطيء الحركة وفعاليته طويلة نسبيا,https://jo24.net/article/432500
الامن يبدأ الافراج عن المعتقلين.. والقطاونة: سيتم اخلاء سبيل الجميع,https://jo24.net/article/432495
الارصاد: فرصة تساقط الثلوج الشهر الحالي والقادم قائمة,https://jo24.net/article/432484
الأوقاف: قسائم شراء لأسر فقيرة ومساعدات لطلبة وأيتام في بني كنانة,https://jo24.net/article/432481
صدور النتائج النهائية للانتخابات المحلية في الجريدة الرسمية (رابط),https://jo24.net/article/432480
الوطني لحقوق الإنسان يدعو للإفراج عن المعتقلين: التوقيف جرى لمجرد نوايا!,https://jo24.net/article/432475
احزاب سياسية: الاعتقالات ردة عن الاصلاح، ونطالب بوقف العمل بقانون الدفاع,https://jo24.net/article/432472
الفايز: إجراءات قانونية بحق من يسيء لمجلس الأعيان,https://jo24.net/article/432469
منح سيارات سفريات الأردن- العراق تأشيرات لـ6 أشهر,https://jo24.net/article/432466
طقس العرب : فرص لتراكم الثلوج في بعض المناطق ليلة الخميس وصباح الجمعة  ,https://jo24.net/article/432465
"""الأشغال"" تعلن البدء بإزالة الثلوج المتراكمة في عجلون",https://jo24.net/article/432458
اخلاء سبيل الزميل احمد حسن الزعبي بعد توقيفه لساعتين,https://jo24.net/article/432453
إحباط تهريب كمية كبيرة من السبائك والقطع الذهبية,https://jo24.net/article/432452
الصحة توضح حول نقل مريض كورونا الى مستشفى الجاردنز ,https://jo24.net/article/432451
المستقلة للانتخاب تدعو المرشحين الى إزالة مظاهر الدعاية الانتخابية,https://jo24.net/article/432446
ممدوح العبادي: لا جدية بالاصلاح السياسي.. والاحزاب المعلّبة شكل آخر للتعيين,https://jo24.net/article/432445
وظائف شاغرة في مستشفى الجامعة الاردنية,https://jo24.net/article/432444
الأرصاد: أجواء باردة جدا وأمطار غزيرة وثلوج على قمم الجبال العالية,https://jo24.net/article/432441
الأردن يدين الهجوم الإرهابي في الصومال,https://jo24.net/article/432437
